iso3c;country;emptying_method;population_2017;population_emptying_method;count_pits_septics;emptying_demand;urban_demand;rural_demand
AFG;Afghanistan;mechanized;35530085,17;3449125,825;367345,1076;0,097076205;0,664334509;0,335665491
BGD;Bangladesh;mechanized;164669683,4;12457837,25;1809175,488;0,075653496;0,897662203;0,102337797
BTN;Bhutan;mechanized;807610,0211;438967,3195;78556,08764;0,543538723;0,413934134;0,586065866
IND;India;mechanized;1339180291;273352502,5;52459681,51;0,204119269;0,537239952;0,462760048
IRN;Iran (Islamic Republic of);mechanized;81162560,05;39585421,01;10546022,63;0,487730069;0,693796184;0,306203816
KAZ;Kazakhstan;mechanized;18204492,2;6289801,069;1777876,476;0,345508185;0,428590921;0,571409079
KGZ;Kyrgyzstan;mechanized;6045077,406;3441683,283;800980,71;0,569336512;0,291110806;0,708889194
MDV;Maldives;mechanized;436330,0251;19564,57058;3652,59007;0,044838928;0;1
NPL;Nepal;mechanized;29304995,5;7364536,736;1528267,693;0,25130653;0,23128966;0,76871034
PAK;Pakistan;mechanized;197015965,1;14486310,83;1922982,641;0,073528614;0,430987264;0,569012736
LKA;Sri Lanka;mechanized;20876967,25;5546573,15;1051509,547;0,265679066;0,32372455;0,67627545
TJK;Tajikistan;mechanized;8921363,716;3393414,813;532980,8658;0,380369518;0,221971008;0,778028992
TKM;Turkmenistan;mechanized;5758083,43;1510680,545;289678,0301;0,262358225;0,517755181;0,482244819
UZB;Uzbekistan;mechanized;31910638,87;12041090,29;2297007,46;0,377337801;0,490906622;0,509093378
BRN;Brunei Darussalam;mechanized;;0;0;;;
KHM;Cambodia;mechanized;16005372,51;1570988,639;324580,0285;0,098153832;0,667237365;0,332762635
CHN;China;mechanized;1409515978;204155210,6;57659216,31;0,14484065;0,4912542;0,5087458
HKG;China, Hong Kong Special Administrative Region;mechanized;7364882,919;196850,9225;67661,45538;0,026728317;1;0
MAC;China, Macao Special Administrative Region;mechanized;;0;0;;;
PRK;Democratic People's Republic of Korea;mechanized;25490969,29;4701213,43;1186501,163;0,184426625;0,470244915;0,529755085
IDN;Indonesia;mechanized;263991374,8;27733400,22;6299993,777;0,105054191;0,733856487;0,266143513
JPN;Japan;mechanized;127484455,2;0;0;0;;
LAO;Lao People's Democratic Republic;mechanized;6858159,411;2114157,309;536682,0778;0,308268907;0,661572444;0,338427556
MYS;Malaysia;mechanized;31624266,46;0;0;0;;
MNG;Mongolia;mechanized;3075681,307;386318,6869;70643,31856;0,125604264;0,941649445;0,058350555
MMR;Myanmar;mechanized;53370580,71;8025203,665;1734789,193;0,150367554;0,753444263;0,246555737
PHL;Philippines;mechanized;104918091;27604628,44;5183298,932;0,263106469;0,556407241;0,443592759
KOR;Republic of Korea;mechanized;50982210,2;0;0;0;;
SGP;Singapore;mechanized;5708844;0;0;0;;
THA;Thailand;mechanized;69037511,9;32962940,75;8858602,728;0,477464205;0,589918357;0,410081643
TLS;Timor-Leste;mechanized;1296311,217;338342,3382;52175,77487;0,261003942;0,52244345;0,47755655
VNM;Viet Nam;mechanized;95540797,9;27815999,89;7181784,303;0,291142638;0,698975185;0,301024815
AIA;Anguilla;mechanized;14909;10671,0886;2874,501586;0,715748112;1;0
ATG;Antigua and Barbuda;mechanized;102011,9946;0;0;0;;
ARG;Argentina;mechanized;43937140;10822508,69;3266830,288;0,246318005;1;0
ABW;Aruba;mechanized;;0;0;;;
BHS;Bahamas;mechanized;395360,9967;0;0;0;;
BRB;Barbados;mechanized;285718,9999;0;0;0;;
BLZ;Belize;mechanized;374680,9719;210285,0291;53988,59854;0,561237546;0,464594148;0,535405852
BOL;Bolivia (Plurinational State of);mechanized;11051597,3;1661531,473;401711,1208;0,150343107;0,810004473;0,189995527
BRA;Brazil;mechanized;209288304,1;32631257,96;9820971,584;0,155915344;0,713553278;0,286446722
VGB;British Virgin Islands;mechanized;;0;0;;;
CYM;Cayman Islands;mechanized;;0;0;;;
CHL;Chile;mechanized;18054734,73;1553586,109;434396,3379;0,086048681;0,142920206;0,857079794
COL;Colombia;mechanized;49065610,76;4531973,505;1241275,085;0,092365578;0,343925476;0,656074524
CRI;Costa Rica;mechanized;4905768,676;2765399,841;796212,9031;0,563703677;0,742990916;0,257009084
CUB;Cuba;mechanized;11484635,67;2953794,125;923965,9573;0,257195283;0,691102629;0,308897371
CUW;Curaçao;mechanized;160538,9906;0;0;0;;
DMA;Dominica;mechanized;;0;0;;;
DOM;Dominican Republic;mechanized;10766998,63;4692927,407;1244049,981;0,435862172;0,811225999;0,188774001
ECU;Ecuador;mechanized;16624857,79;3261613,194;808174,9013;0,196188938;0,366318716;0,633681284
SLV;El Salvador;mechanized;6377854,293;2392499,118;539932,2698;0,375126023;0,580709706;0,419290294
FLK;Falkland Islands (Malvinas);mechanized;2910,00012;0;0;0;;
GUF;French Guiana;mechanized;282731,0226;0;0;0;;
GRD;Grenada;mechanized;107824,9924;0;0;0;;
GLP;Guadeloupe;mechanized;449567,977;0;0;0;;
GTM;Guatemala;mechanized;16913510,42;3287338,884;608837,1078;0,194361715;0,33654687;0,66345313
GUY;Guyana;mechanized;777858,9824;356045,9522;87387,99977;0,457725578;0,338505081;0,661494919
HTI;Haiti;mechanized;10981230,42;1108901,33;177165,7894;0,100981519;0,665525303;0,334474697
HND;Honduras;mechanized;9265068,093;3025638,603;634222,8484;0,326564098;0,362025472;0,637974528
JAM;Jamaica;mechanized;2890298,554;1353109,122;407613,5246;0,468155485;0,524500318;0,475499682
MTQ;Martinique;mechanized;384895,9655;0;0;0;;
MEX;Mexico;mechanized;129163259,2;16139467,01;4068821,994;0,124954009;0,399274821;0,600725179
MSR;Montserrat;mechanized;;0;0;;;
NIC;Nicaragua;mechanized;6217579,051;1676930,277;324907,5206;0,269707914;0,750035392;0,249964608
PAN;Panama;mechanized;4098587,504;1459963,931;378840,5036;0,356211482;0,612729024;0,387270976
PRY;Paraguay;mechanized;6811297,744;4031692,227;849590,929;0,591912493;0,634590691;0,365409309
PER;Peru;mechanized;32165465,93;2653134,616;659564,0056;0,082483948;0,401558405;0,598441595
PRI;Puerto Rico;mechanized;3663130,822;0;0;0;;
KNA;Saint Kitts and Nevis;mechanized;;0;0;;;
LCA;Saint Lucia;mechanized;178844,0087;121133,8021;30757,47745;0,677315405;0,174327576;0,825672424
VCT;Saint Vincent and the Grenadines;mechanized;109897,0002;0;0;0;;
SXM;Sint Maarten (Dutch part);mechanized;40120,00406;0;0;0;;
SUR;Suriname;mechanized;563401,9926;313987,4372;74000,17197;0,557306224;0,75660159;0,24339841
TTO;Trinidad and Tobago;mechanized;1369124,962;0;0;0;;
TCA;Turks and Caicos Islands;mechanized;35446;0;0;0;;
VIR;United States Virgin Islands;mechanized;104901,0027;0;0;0;;
URY;Uruguay;mechanized;3456750,321;1002357,343;354925,0116;0,289970999;0,884038181;0,115961819
VEN;Venezuela (Bolivarian Republic of);mechanized;31977084,78;0;0;0;;
DZA;Algeria;mechanized;41318123,42;2578778,42;482751,3464;0,062412767;0,272985614;0,727014386
ARM;Armenia;mechanized;2930444,279;523858,6592;129304,6658;0,178764245;0,017367598;0,982632402
AZE;Azerbaijan;mechanized;9827636,217;3283648,203;710244,4289;0,334123906;0,414172762;0,585827238
BHR;Bahrain;mechanized;1492584;0;0;0;;
CYP;Cyprus;mechanized;1179551,094;417753,2876;152060,0012;0,354162944;0,373833205;0,626166795
EGY;Egypt;mechanized;97553157,01;22659422,9;5253123,85;0,2322777;0,050201053;0,949798947
GEO;Georgia;mechanized;3912058,651;751045,8678;212730,479;0,191982262;0,252166495;0,747833505
IRQ;Iraq;mechanized;38274617,35;15689350,86;2020541,378;0,40991529;0,691656089;0,308343911
ISR;Israel;mechanized;8321571,158;52730,46774;16782,74481;0,0063366;0,546444414;0,453555586
JOR;Jordan;mechanized;9702354,116;2141932,072;419453,1881;0,220764162;0,79036662;0,20963338
KWT;Kuwait;mechanized;;0;0;;;
LBN;Lebanon;mechanized;6082357;0;0;0;;
LBY;Libya;mechanized;6374619,657;0;0;0;;
MAR;Morocco;mechanized;35739582,14;5939711,213;1109694,311;0,166194199;0,306559491;0,693440509
OMN;Oman;mechanized;4636262,243;2784084,708;347241,8431;0,600501991;0,850148056;0,149851944
QAT;Qatar;mechanized;2639209,567;0;0;0;;
SAU;Saudi Arabia;mechanized;32938215,08;0;0;0;;
SDN;Sudan;mechanized;40533342,59;7033388,601;1108262,247;0,173521061;0,707459273;0,292540727
SYR;Syrian Arab Republic;mechanized;18269868,06;2628890,511;502808,0282;0,143892145;0,08005369;0,91994631
TUN;Tunisia;mechanized;11532128,17;2860729,837;545422,5406;0,248066081;0,386737163;0,613262837
TUR;Turkey;mechanized;80745044,76;8796215,669;2136880,652;0,108938148;0,166737891;0,833262109
ARE;United Arab Emirates;mechanized;9400150,82;0;0;0;;
PSE;West Bank and Gaza Strip;mechanized;4920723,466;1118986,154;221100,6919;0,227402771;0,387945726;0,612054274
YEM;Yemen;mechanized;28250423,38;3226871,585;454584,1519;0,114223831;0,438971736;0,561028264
ASM;American Samoa;mechanized;55641;0;0;0;;
COK;Cook Islands;mechanized;;0;0;;;
FJI;Fiji;mechanized;;0;0;;;
PYF;French Polynesia;mechanized;283007,0135;0;0;0;;
GUM;Guam;mechanized;;0;0;;;
KIR;Kiribati;mechanized;116398,008;0;0;0;;
MHL;Marshall Islands;mechanized;53127,00312;2408,116378;459,0668666;0,04532754;0,750540509;0,249459491
FSM;Micronesia (Federated States of);mechanized;105543,9978;0;0;0;;
NRU;Nauru;mechanized;11359,00002;3295,045102;517,6114392;0,290082322;1;0
NCL;New Caledonia;mechanized;;0;0;;;
NIU;Niue;mechanized;1618;0;0;0;;
MNP;Northern Mariana Islands;mechanized;55143,99435;0;0;0;;
PLW;Palau;mechanized;21728,99999;7009,368599;1398,500938;0,322581279;0,590474425;0,409525575
PNG;Papua New Guinea;mechanized;8251165,611;200762,3914;36214,90106;0,024331398;0,721184016;0,278815984
WSM;Samoa;mechanized;196440,0045;122507,2751;24442,50674;0,623637102;0,195831455;0,804168545
SLB;Solomon Islands;mechanized;611342,8722;82039,24852;14702,5214;0,13419515;0,666804784;0,333195216
TKL;Tokelau;mechanized;;0;0;;;
TON;Tonga;mechanized;108019,9973;76461,64064;15145,33261;0,707847089;0,238710224;0,761289776
TUV;Tuvalu;mechanized;11191,99989;1469,568115;279,342927;0,13130523;0,391273172;0,608726828
VUT;Vanuatu;mechanized;276244,0051;60050,58702;8027,564426;0,217382408;0,520292956;0,479707044
WLF;Wallis and Futuna Islands;mechanized;11900;0;0;0;;
AGO;Angola;mechanized;29784196,59;6346463,838;1054451,415;0,213081586;0,970935361;0,029064639
BEN;Benin;mechanized;11175688,26;1382203,863;177316,1341;0,123679529;0,862693182;0,137306818
BWA;Botswana;mechanized;2291660,962;1288772,856;350499,4533;0,56237501;0,80633284;0,19366716
BFA;Burkina Faso;mechanized;19193338,95;2808902,963;297667,8461;0,146347802;0,936230029;0,063769971
BDI;Burundi;mechanized;10864239,92;1805983,027;301795,838;0,16623188;0,418758468;0,581241532
CIV;CÃ´te d'Ivoire;mechanized;24294753,94;4243858,547;641969,7213;0,174682096;0,862537895;0,137462105
CPV;Cabo Verde;mechanized;546388,0175;200788,9064;39458,98759;0,367484096;0,661175262;0,338824738
CMR;Cameroon;mechanized;24053722,8;5318024,885;833149,0646;0,221089472;0,94979999;0,05020001
CAF;Central African Republic;mechanized;;0;0;;;
TCD;Chad;mechanized;14899995,71;761574,8431;90957,60727;0,05111242;0,966973108;0,033026892
COM;Comoros;mechanized;813911,4019;162880,6311;24875,54544;0,200120837;0,44362348;0,55637652
COG;Congo;mechanized;5260749,269;1389743,285;187326,8395;0,26417212;0,985291299;0,014708701
COD;Democratic Republic of the Congo;mechanized;81340045,87;10046930,66;1190683,061;0,123517642;0,917013601;0,082986399
DJI;Djibouti;mechanized;956984,8438;431402,497;83604,88476;0,450793448;0,979688087;0,020311913
GNQ;Equatorial Guinea;mechanized;1267689,419;260370,4258;48945,64472;0,20538976;0,869028273;0,130971727
ERI;Eritrea;mechanized;;0;0;;;
SWZ;Eswatini;mechanized;1367255,195;450764,6889;74777,0834;0,329685848;0,298403116;0,701596884
ETH;Ethiopia;mechanized;104957569,2;7268134,686;973824,6999;0,069248314;0,900212993;0,099787007
GAB;Gabon;mechanized;2025137,006;540724,861;99362,06384;0,267006558;0,967574004;0,032425996
GMB;Gambia;mechanized;2100567,78;757933,8443;66628,38141;0,360823322;0,805604841;0,194395159
GHA;Ghana;mechanized;28833620,27;4874058,839;718851,2518;0,169040821;0,77152641;0,22847359
GIN;Guinea;mechanized;12717180,62;1948228,9;187261,5162;0,153196605;0,919483088;0,080516912
GNB;Guinea-Bissau;mechanized;1861283,465;358561,6042;52468,67957;0,192642126;0,851582707;0,148417293
KEN;Kenya;mechanized;49699904,29;5997630,377;1127909,481;0,1206769;0,5995604;0,4004396
LSO;Lesotho;mechanized;2233347,297;688419,1453;157383,8242;0,308245451;0,508410593;0,491589407
LBR;Liberia;mechanized;4731905,407;105164,3727;13224,43542;0,02222453;1;0
MDG;Madagascar;mechanized;25570894,83;2265165,982;278684,4652;0,088583759;0,864152137;0,135847863
MWI;Malawi;mechanized;18622123,57;1351106,247;222735,2241;0,072553822;0,709678;0,290322
MLI;Mali;mechanized;18541999,4;4305005,975;594164,9135;0,232175931;0,872690359;0,127309641
MRT;Mauritania;mechanized;4420182,997;1049154,697;198560,4532;0,237355489;0,859626211;0,140373789
MUS;Mauritius;mechanized;1265137,098;722242,2883;202287,5154;0,57088065;0,272676596;0,727323404
MYT;Mayotte;mechanized;;0;0;;;
MOZ;Mozambique;mechanized;29668814,88;3871742,145;798471,8399;0,130498713;0,901509089;0,098490911
NAM;Namibia;mechanized;2533795,176;154172,1838;31057,56797;0,060846348;0,387826825;0,612173175
NER;Niger;mechanized;21477381,84;1993897,34;241748,1446;0,092837076;0,806145945;0,193854055
NGA;Nigeria;mechanized;190886295,6;8652232,919;1338835,952;0,045326632;0,770047088;0,229952912
REU;Réunion;mechanized;876561,9461;0;0;0;;
RWA;Rwanda;mechanized;12208457,46;2739298,812;546396,2299;0,224377144;0,35364075;0,64635925
SHN;Saint Helena;mechanized;4048,99979;0;0;0;;
STP;Sao Tome and Principe;mechanized;204327,3294;49693,30807;11881,486;0,243204412;0,808167724;0,191832276
SEN;Senegal;mechanized;15850567,01;5411265,774;542442,6876;0,341392568;0,653795746;0,346204254
SYC;Seychelles;mechanized;94736,99728;0;0;0;;
SLE;Sierra Leone;mechanized;7557213,636;812075,5934;76173,55497;0,107457012;0,804585693;0,195414307
SOM;Somalia;mechanized;14742509,84;2595492,694;432809,0554;0,176055008;0,916255371;0,083744629
ZAF;South Africa;mechanized;56717190,84;10779501,42;3086040,011;0,19005704;0,24184376;0,75815624
SSD;South Sudan;mechanized;12575720,02;94097,65264;12069,82933;0,007482486;0,810308681;0,189691319
TGO;Togo;mechanized;7797694,339;926672,0994;117191,2913;0,118839244;0,925422422;0,074577578
UGA;Uganda;mechanized;42863017,97;3361647,593;462115,6182;0,078427692;0,775257034;0,224742966
TZA;United Republic of Tanzania;mechanized;57310008,83;8779266,469;1309227,272;0,153189062;0,765775576;0,234224424
ZMB;Zambia;mechanized;17094116,57;1913750,498;256321,7037;0,111953753;0,95832364;0,04167636
ZWE;Zimbabwe;mechanized;16529889,79;1008775,573;172661,006;0,061027362;0,591857113;0,408142887
AFG;Afghanistan;non-mechanized;35530085,17;14544444,02;1599720,45;0,409355732;0,308202149;0,691797851
BGD;Bangladesh;non-mechanized;164669683,4;95629448,12;14713956,49;0,580734997;0,303554439;0,696445561
BTN;Bhutan;non-mechanized;807610,0211;147934,8533;26461,83596;0,183176099;0,420321949;0,579678051
IND;India;non-mechanized;1339180291;550029321,7;107852307,9;0,410720891;0,257515416;0,742484584
IRN;Iran (Islamic Republic of);non-mechanized;81162560,05;18232767,37;4819563,375;0,22464505;0,590179017;0,409820983
KAZ;Kazakhstan;non-mechanized;18204492,2;5129099,247;1453856,797;0,281749097;0,219654203;0,780345797
KGZ;Kyrgyzstan;non-mechanized;6045077,406;1777108,741;415294,0412;0,293976176;0,20474274;0,79525726
MDV;Maldives;non-mechanized;436330,0251;154381,6875;28822,15156;0,35381862;0;1
NPL;Nepal;non-mechanized;29304995,5;13328697,84;2777905,816;0,454826817;0,180274806;0,819725194
PAK;Pakistan;non-mechanized;197015965,1;73815671,55;9520908,537;0,374668477;0,135439661;0,864560339
LKA;Sri Lanka;non-mechanized;20876967,25;14216199,47;2691203,178;0,680951371;0,101790684;0,898209316
TJK;Tajikistan;non-mechanized;8921363,716;4170173,894;656926,4718;0,467436821;0,084577174;0,915422826
TKM;Turkmenistan;non-mechanized;5758083,43;2594267,594;499016,8276;0,450543592;0,215190499;0,784809501
UZB;Uzbekistan;non-mechanized;31910638,87;12627346,21;2408844,029;0,395709602;0,240489812;0,759510188
BRN;Brunei Darussalam;non-mechanized;;0;0;;;
KHM;Cambodia;non-mechanized;16005372,51;6651828,855;1327866,192;0,415599752;0,11431067;0,88568933
CHN;China;non-mechanized;1409515978;198408533;56011248,69;0,140763593;0,225333751;0,774666249
HKG;China, Hong Kong Special Administrative Region;non-mechanized;7364882,919;65616,97418;22553,81846;0,008909439;1;0
MAC;China, Macao Special Administrative Region;non-mechanized;;0;0;;;
PRK;Democratic People's Republic of Korea;non-mechanized;25490969,29;5342327,547;1350653,393;0,209577262;0,31182343;0,68817657
IDN;Indonesia;non-mechanized;263991374,8;167695806;37989341,6;0,63523214;0,592764653;0,407235347
JPN;Japan;non-mechanized;127484455,2;0;0;0;;
LAO;Lao People's Democratic Republic;non-mechanized;6858159,411;3106490,238;785396,8312;0,452962676;0,278850917;0,721149083
MYS;Malaysia;non-mechanized;31624266,46;0;0;0;;
MNG;Mongolia;non-mechanized;3075681,307;1624894,134;293319,9626;0,528303804;0,642504169;0,357495831
MMR;Myanmar;non-mechanized;53370580,71;31290993,74;6785749,296;0,58629667;0,259932381;0,740067619
PHL;Philippines;non-mechanized;104918091;63807496,15;12003167,47;0,608164861;0,444932077;0,555067923
KOR;Republic of Korea;non-mechanized;50982210,2;0;0;0;;
SGP;Singapore;non-mechanized;5708844;0;0;0;;
THA;Thailand;non-mechanized;69037511,9;30090784,1;8073769,365;0,435861364;0,34679526;0,65320474
TLS;Timor-Leste;non-mechanized;1296311,217;326655,7945;50629,12048;0,251988712;0,331638586;0,668361414
VNM;Viet Nam;non-mechanized;95540797,9;54614084,98;13980443,27;0,571631033;0,229999765;0,770000235
AIA;Anguilla;non-mechanized;14909;3921,853074;1056,440754;0,263052725;1;0
ATG;Antigua and Barbuda;non-mechanized;102011,9946;0;0;0;;
ARG;Argentina;non-mechanized;43937140;3905087,225;1178770,801;0,088878958;1;0
ABW;Aruba;non-mechanized;;0;0;;;
BHS;Bahamas;non-mechanized;395360,9967;0;0;0;;
BRB;Barbados;non-mechanized;285718,9999;0;0;0;;
BLZ;Belize;non-mechanized;374680,9719;119393,887;30452,75681;0,318654792;0,325764963;0,674235037
BOL;Bolivia (Plurinational State of);non-mechanized;11051597,3;1642704,323;408256,4429;0,148639538;0,423637237;0,576362763
BRA;Brazil;non-mechanized;209288304,1;13588999,39;4085671,614;0,064929569;0,581893722;0,418106278
VGB;British Virgin Islands;non-mechanized;;0;0;;;
CYM;Cayman Islands;non-mechanized;;0;0;;;
CHL;Chile;non-mechanized;18054734,73;536922,8862;150128,3605;0,029738619;0,139538269;0,860461731
COL;Colombia;non-mechanized;49065610,76;4009486,295;1098937,292;0,081716832;0,155979361;0,844020639
CRI;Costa Rica;non-mechanized;4905768,676;931301,5146;268138,5256;0,189838041;0,745613041;0,254386959
CUB;Cuba;non-mechanized;11484635,67;2321146,538;730260,0345;0,202108853;0,483159587;0,516840413
CUW;Curaçao;non-mechanized;160538,9906;0;0;0;;
DMA;Dominica;non-mechanized;;0;0;;;
DOM;Dominican Republic;non-mechanized;10766998,63;3135699,515;826655,5535;0,291232462;0,709601749;0,290398251
ECU;Ecuador;non-mechanized;16624857,79;2296553,457;568621,7623;0,138139735;0,187974754;0,812025246
SLV;El Salvador;non-mechanized;6377854,293;1287846,337;288236,8021;0,201924703;0,442023984;0,557976016
FLK;Falkland Islands (Malvinas);non-mechanized;2910,00012;0;0;0;;
GUF;French Guiana;non-mechanized;282731,0226;0;0;0;;
GRD;Grenada;non-mechanized;107824,9924;0;0;0;;
GLP;Guadeloupe;non-mechanized;449567,977;0;0;0;;
GTM;Guatemala;non-mechanized;16913510,42;2601017,515;479194,7966;0,153783422;0,190136046;0,809863954
GUY;Guyana;non-mechanized;777858,9824;374153,7237;91191,13834;0,481004568;0,172655342;0,827344658
HTI;Haiti;non-mechanized;10981230,42;5634626,298;898124,5501;0,513114295;0,711413702;0,288586298
HND;Honduras;non-mechanized;9265068,093;1614252,984;338787,6638;0,174230018;0,262481932;0,737518068
JAM;Jamaica;non-mechanized;2890298,554;852262,8535;257728,5194;0,29487018;0,356254022;0,643745978
MTQ;Martinique;non-mechanized;384895,9655;0;0;0;;
MEX;Mexico;non-mechanized;129163259,2;7356601,458;1849795,034;0,056955836;0,314812181;0,685187819
MSR;Montserrat;non-mechanized;;0;0;;;
NIC;Nicaragua;non-mechanized;6217579,051;1787736,507;345612,9523;0,287529357;0,277678281;0,722321719
PAN;Panama;non-mechanized;4098587,504;671632,4347;173360,4348;0,163869244;0,474883886;0,525116114
PRY;Paraguay;non-mechanized;6811297,744;1711429,068;361021,0638;0,251263288;0,554602863;0,445397137
PER;Peru;non-mechanized;32165465,93;1992729,827;498950,9369;0,061952463;0,235398374;0,764601626
PRI;Puerto Rico;non-mechanized;3663130,822;0;0;0;;
KNA;Saint Kitts and Nevis;non-mechanized;;0;0;;;
LCA;Saint Lucia;non-mechanized;178844,0087;47263,50104;12020,18715;0,264272208;0,150442982;0,849557018
VCT;Saint Vincent and the Grenadines;non-mechanized;109897,0002;0;0;0;;
SXM;Sint Maarten (Dutch part);non-mechanized;40120,00406;0;0;0;;
SUR;Suriname;non-mechanized;563401,9926;213840,7183;50010,99091;0,379552648;0,575300817;0,424699183
TTO;Trinidad and Tobago;non-mechanized;1369124,962;0;0;0;;
TCA;Turks and Caicos Islands;non-mechanized;35446;0;0;0;;
VIR;United States Virgin Islands;non-mechanized;104901,0027;0;0;0;;
URY;Uruguay;non-mechanized;3456750,321;336764,6743;119251,9071;0,097422331;0,877093343;0,122906657
VEN;Venezuela (Bolivarian Republic of);non-mechanized;31977084,78;0;0;0;;
DZA;Algeria;non-mechanized;41318123,42;2496441,766;465886,6593;0,060420018;0,177213032;0,822786968
ARM;Armenia;non-mechanized;2930444,279;190133,977;46930,42556;0,064882304;0,016217583;0,983782417
AZE;Azerbaijan;non-mechanized;9827636,217;2200898,555;477266,5545;0,223949941;0,218755123;0,781244877
BHR;Bahrain;non-mechanized;1492584;0;0;0;;
CYP;Cyprus;non-mechanized;1179551,094;141085,8329;51354,50172;0,119609768;0,375681515;0,624318485
EGY;Egypt;non-mechanized;97553157,01;8173376,537;1894754,417;0,083783824;0,049065695;0,950934305
GEO;Georgia;non-mechanized;3912058,651;786881,1745;223257,6709;0,201142479;0,093826811;0,906173189
IRQ;Iraq;non-mechanized;38274617,35;10953780,49;1409703,967;0,286189157;0,572594007;0,427405993
ISR;Israel;non-mechanized;8321571,158;17576,82258;5594,248271;0,0021122;0,546444414;0,453555586
JOR;Jordan;non-mechanized;9702354,116;1159989,693;227180,0807;0,119557551;0,732855268;0,267144732
KWT;Kuwait;non-mechanized;;0;0;;;
LBN;Lebanon;non-mechanized;6082357;0;0;0;;
LBY;Libya;non-mechanized;6374619,657;0;0;0;;
MAR;Morocco;non-mechanized;35739582,14;7231944,596;1355236,994;0,202351123;0,104993237;0,895006763
OMN;Oman;non-mechanized;4636262,243;1352743,501;168719,4162;0,291774587;0,753461814;0,246538186
QAT;Qatar;non-mechanized;2639209,567;0;0;0;;
SAU;Saudi Arabia;non-mechanized;32938215,08;0;0;0;;
SDN;Sudan;non-mechanized;40533342,59;10754427,3;1679766,989;0,265322981;0,436943654;0,563056346
SYR;Syrian Arab Republic;non-mechanized;18269868,06;2298457,909;439621,8146;0,125805939;0,071836136;0,928163864
TUN;Tunisia;non-mechanized;11532128,17;1658452,686;312827,5706;0,143811503;0,229170937;0,770829063
TUR;Turkey;non-mechanized;80745044,76;2995714,016;727802,5025;0,037100902;0,172334128;0,827665872
ARE;United Arab Emirates;non-mechanized;9400150,82;0;0;0;;
PSE;West Bank and Gaza Strip;non-mechanized;4920723,466;1259832,991;249136,5194;0,256025968;0,693099081;0,306900919
YEM;Yemen;non-mechanized;28250423,38;6739249,541;937901,7914;0,238553931;0,153543569;0,846456431
ASM;American Samoa;non-mechanized;55641;0;0;0;;
COK;Cook Islands;non-mechanized;;0;0;;;
FJI;Fiji;non-mechanized;;0;0;;;
PYF;French Polynesia;non-mechanized;283007,0135;0;0;0;;
GUM;Guam;non-mechanized;;0;0;;;
KIR;Kiribati;non-mechanized;116398,008;0;0;0;;
MHL;Marshall Islands;non-mechanized;53127,00312;23920,18509;4551,530733;0,450245331;0,699249757;0,300750243
FSM;Micronesia (Federated States of);non-mechanized;105543,9978;0;0;0;;
NRU;Nauru;non-mechanized;11359,00002;5022,577988;788,9858077;0,442167267;1;0
NCL;New Caledonia;non-mechanized;;0;0;;;
NIU;Niue;non-mechanized;1618;0;0;0;;
MNP;Northern Mariana Islands;non-mechanized;55143,99435;0;0;0;;
PLW;Palau;non-mechanized;21728,99999;2454,827981;489,7843775;0,112974733;0,562001753;0,437998247
PNG;Papua New Guinea;non-mechanized;8251165,611;730818,3422;130959,9249;0,088571528;0,278436836;0,721563164
WSM;Samoa;non-mechanized;196440,0045;69880,73653;13942,52196;0,355735771;0,164905952;0,835094048
SLB;Solomon Islands;non-mechanized;611342,8722;115172,7087;21006,61214;0,188392985;0,42338281;0,57661719
TKL;Tokelau;non-mechanized;;0;0;;;
TON;Tonga;non-mechanized;108019,9973;25583,59364;5067,54626;0,236841273;0,239977087;0,760022913
TUV;Tuvalu;non-mechanized;11191,99989;507,8209553;96,55186834;0,045373567;0,383798895;0,616201105
VUT;Vanuatu;non-mechanized;276244,0051;96153,89109;12680,73274;0,348075938;0,227194947;0,772805053
WLF;Wallis and Futuna Islands;non-mechanized;11900;0;0;0;;
AGO;Angola;non-mechanized;29784196,59;10741485,77;1817689,882;0,360643798;0,745880825;0,254119175
BEN;Benin;non-mechanized;11175688,26;2484509,506;320076,2013;0,22231378;0,701506175;0,298493825
BWA;Botswana;non-mechanized;2291660,962;578096,4561;155396,2682;0,2522609;0,679341153;0,320658847
BFA;Burkina Faso;non-mechanized;19193338,95;6036239,188;611433,2995;0,314496566;0,3457546;0,6542454
BDI;Burundi;non-mechanized;10864239,92;4381909,162;809089,454;0,403333247;0,08482924;0,91517076
CIV;CÃ´te d'Ivoire;non-mechanized;24294753,94;7407681,346;1103284,36;0,30490868;0,561668651;0,438331349
CPV;Cabo Verde;non-mechanized;546388,0175;105088,4899;20771,44264;0,192333079;0,495702614;0,504297386
CMR;Cameroon;non-mechanized;24053722,8;8474586,691;1334099,096;0,35231913;0,710924491;0,289075509
CAF;Central African Republic;non-mechanized;;0;0;;;
TCD;Chad;non-mechanized;14899995,71;1460184,973;176746,1184;0,09799902;0,77085009;0,22914991
COM;Comoros;non-mechanized;813911,4019;193173,9438;29541,21206;0,23734026;0,281242841;0,718757159
COG;Congo;non-mechanized;5260749,269;1378272,043;187251,8898;0,261991586;0,825706917;0,174293083
COD;Democratic Republic of the Congo;non-mechanized;81340045,87;23040074,18;2977452,712;0,283256223;0,447476192;0,552523808
DJI;Djibouti;non-mechanized;956984,8438;190036,8988;36798,06782;0,198578797;0,80367084;0,19632916
GNQ;Equatorial Guinea;non-mechanized;1267689,419;570981,5061;107886,4533;0,450411195;0,701867635;0,298132365
ERI;Eritrea;non-mechanized;;0;0;;;
SWZ;Eswatini;non-mechanized;1367255,195;572434,9899;98097,42461;0,418674577;0,095626471;0,904373529
ETH;Ethiopia;non-mechanized;104957569,2;6944462,787;1065108,911;0,066164478;0,498946627;0,501053373
GAB;Gabon;non-mechanized;2025137,006;293957,0367;55087,04328;0,145154148;0,731489189;0,268510811
GMB;Gambia;non-mechanized;2100567,78;580476,5621;51896,29487;0,276342695;0,619487281;0,380512719
GHA;Ghana;non-mechanized;28833620,27;13986144,24;2047235,778;0,485063759;0,628984369;0,371015631
GIN;Guinea;non-mechanized;12717180,62;4532766,804;455459,1963;0,356428594;0,415983352;0,584016648
GNB;Guinea-Bissau;non-mechanized;1861283,465;258163,8681;38086,32045;0,138702069;0,692402139;0,307597861
KEN;Kenya;non-mechanized;49699904,29;16762536,77;3385044,49;0,337275031;0,248854646;0,751145354
LSO;Lesotho;non-mechanized;2233347,297;677633,3276;166100,2899;0,303416011;0,261285726;0,738714274
LBR;Liberia;non-mechanized;4731905,407;1956066,722;232565,2444;0,413378239;0,720265249;0,279734751
MDG;Madagascar;non-mechanized;25570894,83;4064407,669;491353,5422;0,158946634;0,441586041;0,558413959
MWI;Malawi;non-mechanized;18622123,57;5638002,639;980159,0283;0,302758309;0,108177344;0,891822656
MLI;Mali;non-mechanized;18541999,4;5523476,544;824936,3185;0,297890018;0,431223492;0,568776508
MRT;Mauritania;non-mechanized;4420182,997;1310377,42;244110,5626;0,296453206;0,712145933;0,287854067
MUS;Mauritius;non-mechanized;1265137,098;242244,7739;67848,52401;0,191477093;0,27190049;0,72809951
MYT;Mayotte;non-mechanized;;0;0;;;
MOZ;Mozambique;non-mechanized;29668814,88;5968370,027;1248613,84;0,201166445;0,459840838;0,540159162
NAM;Namibia;non-mechanized;2533795,176;131378,4872;27021,7996;0,051850476;0,167219853;0,832780147
NER;Niger;non-mechanized;21477381,84;2866806,645;350990,3156;0,133480266;0,341322978;0,658677022
NGA;Nigeria;non-mechanized;190886295,6;86143429,86;13626534,99;0,451281375;0,628784532;0,371215468
REU;Réunion;non-mechanized;876561,9461;0;0;0;;
RWA;Rwanda;non-mechanized;12208457,46;7003537,861;1474961,706;0,573662798;0,107735772;0,892264228
SHN;Saint Helena;non-mechanized;4048,99979;0;0;0;;
STP;Sao Tome and Principe;non-mechanized;204327,3294;20267,23959;4847,069904;0,099190058;0,701477007;0,298522993
SEN;Senegal;non-mechanized;15850567,01;4125960,772;419998,9459;0,26030367;0,468578462;0,531421538
SYC;Seychelles;non-mechanized;94736,99728;0;0;0;;
SLE;Sierra Leone;non-mechanized;7557213,636;2897308,495;265698,7353;0,383383167;0,569186096;0,430813904
SOM;Somalia;non-mechanized;14742509,84;3645060,379;615254,2067;0,247248292;0,501883704;0,498116296
ZAF;South Africa;non-mechanized;56717190,84;7513083,122;2173798,244;0,132465713;0,123582721;0,876417279
SSD;South Sudan;non-mechanized;12575720,02;2294838,5;280499,0868;0,182481679;0,536321746;0,463678254
TGO;Togo;non-mechanized;7797694,339;2375059,024;307701,8207;0,304584781;0,716649235;0,283350765
UGA;Uganda;non-mechanized;42863017,97;11849698,88;1801767,329;0,276455076;0,329814121;0,670185879
TZA;United Republic of Tanzania;non-mechanized;57310008,83;17729891,55;2841520,305;0,309368152;0,481003932;0,518996068
ZMB;Zambia;non-mechanized;17094116,57;4042106,498;608221,8015;0,236461854;0,43350222;0,56649778
ZWE;Zimbabwe;non-mechanized;16529889,79;5372028,996;990919,6493;0,324988797;0,087973334;0,912026666
AFG;Afghanistan;unemptiable;35530085,17;12086704,17;1351492,969;0,340182246;0,121368845;0,878631155
BGD;Bangladesh;unemptiable;164669683,4;47953053,3;7439355,202;0,291207539;0,215953915;0,784046085
BTN;Bhutan;unemptiable;807610,0211;175250,5254;31770,4036;0,216998948;0,231717314;0,768282686
IND;India;unemptiable;1339180291;29766171,75;5844783,059;0,022227158;0,239286496;0,760713504
IRN;Iran (Islamic Republic of);unemptiable;81162560,05;1500181,229;391066,563;0,018483661;0,407760819;0,592239181
KAZ;Kazakhstan;unemptiable;18204492,2;17065,96857;4818,15367;0,000937459;0,516908551;0,483091449
KGZ;Kyrgyzstan;unemptiable;6045077,406;8104,78484;1822,260547;0,001340725;1;0
MDV;Maldives;unemptiable;436330,0251;0;0;0;;
NPL;Nepal;unemptiable;29304995,5;811667,3456;170768,6924;0,027697235;0,067988912;0,932011088
PAK;Pakistan;unemptiable;197015965,1;38455386,2;5053800,217;0,195189188;0,326911256;0,673088744
LKA;Sri Lanka;unemptiable;20876967,25;122717,614;23353,70076;0,005878134;0,914384116;0,085615884
TJK;Tajikistan;unemptiable;8921363,716;44739,44795;7034,583101;0,005014866;0,171551482;0,828448518
TKM;Turkmenistan;unemptiable;5758083,43;1574,38;303,5099201;0,000273421;0;1
UZB;Uzbekistan;unemptiable;31910638,87;0;0;0;;
BRN;Brunei Darussalam;unemptiable;;0;;;;
KHM;Cambodia;unemptiable;16005372,51;408905,9309;81037,08376;0,025548042;0;1
CHN;China;unemptiable;1409515978;127306799,8;35936401,89;0,090319515;0,181448589;0,818551411
HKG;China, Hong Kong Special Administrative Region;unemptiable;7364882,919;262467,8967;90215,27383;0,035637755;1;0
MAC;China, Macao Special Administrative Region;unemptiable;;0;;;;
PRK;Democratic People's Republic of Korea;unemptiable;25490969,29;3954004,456;999524,5711;0,155113931;0,323807276;0,676192724
IDN;Indonesia;unemptiable;263991374,8;13075134,72;2950661,543;0,049528644;0,397068685;0,602931315
JPN;Japan;unemptiable;127484455,2;0;;0;;
LAO;Lao People's Democratic Republic;unemptiable;6858159,411;142594,2427;35984,36176;0,020791911;0,10387304;0,89612696
MYS;Malaysia;unemptiable;31624266,46;135341,3879;29696,03987;0,004279669;0,242383217;0,757616783
MNG;Mongolia;unemptiable;3075681,307;98413,75982;17684,92617;0,031997385;0,538394421;0,461605579
MMR;Myanmar;unemptiable;53370580,71;9015280,249;1955819,033;0,168918534;0,199021209;0,800978791
PHL;Philippines;unemptiable;104918091;3668008,278;691583,911;0,034960685;0,306606935;0,693393065
KOR;Republic of Korea;unemptiable;50982210,2;0;;0;;
SGP;Singapore;unemptiable;5708844;0;;0;;
THA;Thailand;unemptiable;69037511,9;38716,35364;10432,92064;0,000560802;1;0
TLS;Timor-Leste;unemptiable;1296311,217;231887,5025;36110,72869;0,178882586;0,152861554;0,847138446
VNM;Viet Nam;unemptiable;95540797,9;9301491,67;2373847,257;0,097356228;0,065101586;0,934898414
AIA;Anguilla;unemptiable;14909;56,34355;15,17742284;0,003779164;1;0
ATG;Antigua and Barbuda;unemptiable;102011,9946;0;;0;;
ARG;Argentina;unemptiable;43937140;0;;0;;
ABW;Aruba;unemptiable;;0;;;;
BHS;Bahamas;unemptiable;395360,9967;0;;0;;
BRB;Barbados;unemptiable;285718,9999;0;;0;;
BLZ;Belize;unemptiable;374680,9719;8718,02881;2199,343424;0,023267872;0,095381569;0,904618431
BOL;Bolivia (Plurinational State of);unemptiable;11051597,3;959706,2463;240402,6374;0,086838691;0,31102188;0,68897812
BRA;Brazil;unemptiable;209288304,1;21626646,87;6502075,492;0,103334235;0,577999348;0,422000652
VGB;British Virgin Islands;unemptiable;;0;;;;
CYM;Cayman Islands;unemptiable;;0;;;;
CHL;Chile;unemptiable;18054734,73;0;0;0;;
COL;Colombia;unemptiable;49065610,76;1091594,473;298968,8749;0,022247649;0,353846737;0,646153263
CRI;Costa Rica;unemptiable;4905768,676;71815,25727;20688,3206;0,014638941;0,480440903;0,519559097
CUB;Cuba;unemptiable;11484635,67;447656,7206;139880,0029;0,038978748;0,72967874;0,27032126
CUW;Curaçao;unemptiable;160538,9906;0;;0;;
DMA;Dominica;unemptiable;;0;;;;
DOM;Dominican Republic;unemptiable;10766998,63;229811,6481;60474,36507;0,021344077;0,676289977;0,323710023
ECU;Ecuador;unemptiable;16624857,79;140799,439;34834,05141;0,008469212;0;1
SLV;El Salvador;unemptiable;6377854,293;44272,83099;9791,805028;0,00694165;0,245354277;0,754645723
FLK;Falkland Islands (Malvinas);unemptiable;2910,00012;0;0;0;;
GUF;French Guiana;unemptiable;282731,0226;0;;0;;
GRD;Grenada;unemptiable;107824,9924;0;;0;;
GLP;Guadeloupe;unemptiable;449567,977;0;;0;;
GTM;Guatemala;unemptiable;16913510,42;3141817,915;579186,5763;0,185757885;0,207289149;0,792710851
GUY;Guyana;unemptiable;777858,9824;26233,57003;6394,972815;0,033725355;0,176932016;0,823067984
HTI;Haiti;unemptiable;10981230,42;1982429,015;322088,8608;0,180528861;0,332888481;0,667111519
HND;Honduras;unemptiable;9265068,093;349735,4282;73273,08544;0,037747745;0,40321594;0,59678406
JAM;Jamaica;unemptiable;2890298,554;14771,86916;4445,893556;0,005110845;0,563840329;0,436159671
MTQ;Martinique;unemptiable;384895,9655;0;;0;;
MEX;Mexico;unemptiable;129163259,2;1696103,742;425666,9199;0,013131472;0,253166178;0,746833822
MSR;Montserrat;unemptiable;;0;;;;
NIC;Nicaragua;unemptiable;6217579,051;832616,6866;161057,6523;0,133913325;0,400689427;0,599310573
PAN;Panama;unemptiable;4098587,504;265916,5999;68039,53419;0,064880059;0,248188293;0,751811707
PRY;Paraguay;unemptiable;6811297,744;422614,3327;89658,50973;0,062046081;0,114541638;0,885458362
PER;Peru;unemptiable;32165465,93;2660081,447;659942,9833;0,08269992;0,448660728;0,551339272
PRI;Puerto Rico;unemptiable;3663130,822;0;;0;;
KNA;Saint Kitts and Nevis;unemptiable;;0;;;;
LCA;Saint Lucia;unemptiable;178844,0087;36,90016;8,846980965;0,000206326;1;0
VCT;Saint Vincent and the Grenadines;unemptiable;109897,0002;0;;0;;
SXM;Sint Maarten (Dutch part);unemptiable;40120,00406;0;;0;;
SUR;Suriname;unemptiable;563401,9926;12267,08539;2840,203047;0,021773237;0,340724316;0,659275684
TTO;Trinidad and Tobago;unemptiable;1369124,962;0;;0;;
TCA;Turks and Caicos Islands;unemptiable;35446;0;;0;;
VIR;United States Virgin Islands;unemptiable;104901,0027;0;;0;;
URY;Uruguay;unemptiable;3456750,321;23149,11905;8196,89321;0,006696787;0,883819589;0,116180411
VEN;Venezuela (Bolivarian Republic of);unemptiable;31977084,78;0;;0;;
DZA;Algeria;unemptiable;41318123,42;1351080,175;255876,3564;0,032699456;0,632979511;0,367020489
ARM;Armenia;unemptiable;2930444,279;171882,7074;42430,85117;0,058654146;0,028087965;0,971912035
AZE;Azerbaijan;unemptiable;9827636,217;463714,3928;100844,0994;0,047184733;0;1
BHR;Bahrain;unemptiable;1492584;0;;0;;
CYP;Cyprus;unemptiable;1179551,094;9998,88843;3639,54284;0,008476859;0,368548585;0,631451415
EGY;Egypt;unemptiable;97553157,01;1419732,327;329086,7717;0,014553423;0,045964002;0,954035998
GEO;Georgia;unemptiable;3912058,651;348075,3908;98648,72556;0,088974993;0,197207102;0,802792898
IRQ;Iraq;unemptiable;38274617,35;1815632,709;233365,6665;0,047436992;0,35175446;0,64824554
ISR;Israel;unemptiable;8321571,158;0;0;0;;
JOR;Jordan;unemptiable;9702354,116;131463,2702;25741,25534;0,013549626;0,869187693;0,130812307
KWT;Kuwait;unemptiable;;0;;;;
LBN;Lebanon;unemptiable;6082357;0;;0;;
LBY;Libya;unemptiable;6374619,657;0;;0;;
MAR;Morocco;unemptiable;35739582,14;176134,3432;32582,6919;0,004928271;0,957155842;0,042844158
OMN;Oman;unemptiable;4636262,243;0;0;0;;
QAT;Qatar;unemptiable;2639209,567;0;;0;;
SAU;Saudi Arabia;unemptiable;32938215,08;0;;0;;
SDN;Sudan;unemptiable;40533342,59;12481434,04;1940331,725;0,307930046;0,292586525;0,707413475
SYR;Syrian Arab Republic;unemptiable;18269868,06;155694,2543;29762,82129;0,008521915;0,224537584;0,775462416
TUN;Tunisia;unemptiable;11532128,17;469631,9083;89688,46943;0,040723785;0,411357912;0,588642088
TUR;Turkey;unemptiable;80745044,76;1456449,819;353119,0116;0,018037637;0;1
ARE;United Arab Emirates;unemptiable;9400150,82;0;;0;;
PSE;West Bank and Gaza Strip;unemptiable;4920723,466;0;0;0;;
YEM;Yemen;unemptiable;28250423,38;4484993,616;623620,559;0,158758457;0,132773506;0,867226494
ASM;American Samoa;unemptiable;55641;0;;0;;
COK;Cook Islands;unemptiable;;0;;;;
FJI;Fiji;unemptiable;;0;;;;
PYF;French Polynesia;unemptiable;283007,0135;0;;0;;
GUM;Guam;unemptiable;;0;;;;
KIR;Kiribati;unemptiable;116398,008;0;;0;;
MHL;Marshall Islands;unemptiable;53127,00312;456,05223;85,37374799;0,008584189;0,252314894;0,747685106
FSM;Micronesia (Federated States of);unemptiable;105543,9978;0;;0;;
NRU;Nauru;unemptiable;11359,00002;123,67171;19,42731884;0,010887553;1;0
NCL;New Caledonia;unemptiable;;0;;;;
NIU;Niue;unemptiable;1618;0;;0;;
MNP;Northern Mariana Islands;unemptiable;55143,99435;0;;0;;
PLW;Palau;unemptiable;21728,99999;0;0;0;;
PNG;Papua New Guinea;unemptiable;8251165,611;5802136,895;1036647,403;0,70318997;0,081424601;0,918575399
WSM;Samoa;unemptiable;196440,0045;3394,32255;677,2312234;0,017279182;0,154551252;0,845448748
SLB;Solomon Islands;unemptiable;611342,8722;43917,80445;8253,100231;0,071838254;0;1
TKL;Tokelau;unemptiable;;0;;;;
TON;Tonga;unemptiable;108019,9973;5974,76572;1183,190497;0,055311663;0,106364484;0,893635516
TUV;Tuvalu;unemptiable;11191,99989;163,89721;30,55780472;0,01464414;1;0
VUT;Vanuatu;unemptiable;276244,0051;85180,82852;11148,67745;0,308353582;0,064879862;0,935120138
WLF;Wallis and Futuna Islands;unemptiable;11900;0;;0;;
AGO;Angola;unemptiable;29784196,59;2979154,859;516612,3816;0,100024684;0,43925789;0,56074211
BEN;Benin;unemptiable;11175688,26;1137523,919;147123,7332;0,101785581;0,550859713;0,449140287
BWA;Botswana;unemptiable;2291660,962;140592,7827;37746,42313;0,061349731;0,66621522;0,33378478
BFA;Burkina Faso;unemptiable;19193338,95;1240098,629;124157,4818;0,064610886;0,19751726;0,80248274
BDI;Burundi;unemptiable;10864239,92;4343776,797;811106,625;0,39982335;0,045116046;0,954883954
CIV;CÃ´te d'Ivoire;unemptiable;24294753,94;4811405,045;710823,1212;0,198042963;0,406776532;0,593223468
CPV;Cabo Verde;unemptiable;546388,0175;0;0;0;;
CMR;Cameroon;unemptiable;24053722,8;8490944,966;1349267,226;0,352999203;0,24376768;0,75623232
CAF;Central African Republic;unemptiable;;0;;;;
TCD;Chad;unemptiable;14899995,71;2632904,518;327793,9327;0,176705052;0,349956044;0,650043956
COM;Comoros;unemptiable;813911,4019;410038,9553;62740,95986;0,503788194;0,211820755;0,788179245
COG;Congo;unemptiable;5260749,269;1965735,733;272073,77;0,373660791;0,444759559;0,555240441
COD;Democratic Republic of the Congo;unemptiable;81340045,87;38395495,13;5014610,195;0,472036802;0,387242769;0,612757231
DJI;Djibouti;unemptiable;956984,8438;120772,5425;23384,08571;0,126201103;0,786707185;0,213292815
GNQ;Equatorial Guinea;unemptiable;1267689,419;265626,9315;50415,79468;0,209536285;0,554522065;0,445477935
ERI;Eritrea;unemptiable;;0;;;;
SWZ;Eswatini;unemptiable;1367255,195;108316,5021;18332,53428;0,079221862;0,174045709;0,825954291
ETH;Ethiopia;unemptiable;104957569,2;66091207,58;11264895,67;0,629694533;0,145699441;0,854300559
GAB;Gabon;unemptiable;2025137,006;449925,5975;83884,21951;0,222170449;0,793609513;0,206390487
GMB;Gambia;unemptiable;2100567,78;686297,5751;62766,15888;0,326720033;0,363868281;0,636131719
GHA;Ghana;unemptiable;28833620,27;3823499,894;551370,8439;0,132605613;0,350080787;0,649919213
GIN;Guinea;unemptiable;12717180,62;4156632,094;427418,4881;0,326851699;0,145161149;0,854838851
GNB;Guinea-Bissau;unemptiable;1861283,465;872793,788;131395,1335;0,468920401;0,290988722;0,709011278
KEN;Kenya;unemptiable;49699904,29;19121700,75;3949159,831;0,384743211;0,132981203;0,867018797
LSO;Lesotho;unemptiable;2233347,297;231089,8984;58484,83823;0,103472442;0,142015223;0,857984777
LBR;Liberia;unemptiable;4731905,407;772126,4435;87897,88088;0,163174531;0,5139832;0,4860168
MDG;Madagascar;unemptiable;25570894,83;7510169,131;907238,6142;0,293699895;0,423716736;0,576283264
MWI;Malawi;unemptiable;18622123,57;10179937,71;1767451,647;0,546658262;0,123395109;0,876604891
MLI;Mali;unemptiable;18541999,4;7160446,913;1116069,089;0,386174476;0,177456595;0,822543405
MRT;Mauritania;unemptiable;4420182,997;532608,141;95460,65009;0,120494591;0,361356543;0,638643457
MUS;Mauritius;unemptiable;1265137,098;5084,93566;1424,07068;0,004019276;0,098798021;0,901201979
MYT;Mayotte;unemptiable;;0;;;;
MOZ;Mozambique;unemptiable;29668814,88;11433676,1;2406062,26;0,385376907;0,277014982;0,722985018
NAM;Namibia;unemptiable;2533795,176;110329,8156;22088,79227;0,043543305;0,452489058;0,547510942
NER;Niger;unemptiable;21477381,84;1900119,624;233185,3776;0,088470729;0,22832563;0,77167437
NGA;Nigeria;unemptiable;190886295,6;39165443,07;6543304,282;0,20517682;0,264544713;0,735455287
REU;Réunion;unemptiable;876561,9461;0;;0;;
RWA;Rwanda;unemptiable;12208457,46;2060284,395;434523,7611;0,168758781;0,10105916;0,89894084
SHN;Saint Helena;unemptiable;4048,99979;0;;0;;
STP;Sao Tome and Principe;unemptiable;204327,3294;7162,72281;1712,605449;0,035055138;0,802134303;0,197865697
SEN;Senegal;unemptiable;15850567,01;2823694,86;294206,1796;0,178144722;0,182250054;0,817749946
SYC;Seychelles;unemptiable;94736,99728;0;;0;;
SLE;Sierra Leone;unemptiable;7557213,636;2479359,914;220352,4011;0,328078579;0,251232683;0,748767317
SOM;Somalia;unemptiable;14742509,84;2821112,889;479079,2282;0,191359064;0,292776204;0,707223796
ZAF;South Africa;unemptiable;56717190,84;4509224,024;1283620,381;0,079503656;0,304806455;0,695193545
SSD;South Sudan;unemptiable;12575720,02;2274324,066;269049,6937;0,180850406;0,357936159;0,642063841
TGO;Togo;unemptiable;7797694,339;754818,7226;102587,6509;0,096800245;0,287393328;0,712606672
UGA;Uganda;unemptiable;42863017,97;24950582,05;3965060,257;0,58210045;0,120151223;0,879848777
TZA;United Republic of Tanzania;unemptiable;57310008,83;23722688,76;4128309,154;0,413936226;0,129349031;0,870650969
ZMB;Zambia;unemptiable;17094116,57;6263388,082;964023,765;0,366406071;0,324231328;0,675768672
ZWE;Zimbabwe;unemptiable;16529889,79;1800190,434;330921,2292;0,108905169;0,111971014;0,888028986
AFG;Afghanistan;no facility;35530085,17;4526598,873;563238,2679;0,127401858;0;1
BGD;Bangladesh;no facility;164669683,4;0;0;0;;
BTN;Bhutan;no facility;807610,0211;0;0;0;;
IND;India;no facility;1339180291;344585705,7;75365586,66;0,257310915;0,06208554;0,93791446
IRN;Iran (Islamic Republic of);no facility;81162560,05;77982,90603;22325,73625;0,000960824;1;0
KAZ;Kazakhstan;no facility;18204492,2;0;0;0;;
KGZ;Kyrgyzstan;no facility;6045077,406;0;0;0;;
MDV;Maldives;no facility;436330,0251;0;0;0;;
NPL;Nepal;no facility;29304995,5;6297776,593;1485547,345;0,214904541;0,066025207;0,933974793
PAK;Pakistan;no facility;197015965,1;20547511,1;3019703,95;0,104293635;0;1
LKA;Sri Lanka;no facility;20876967,25;116800,4604;22590,12432;0,005594704;0;1
TJK;Tajikistan;no facility;8921363,716;5881,21038;937,905331;0,000659228;0;1
TKM;Turkmenistan;no facility;5758083,43;0;0;0;;
UZB;Uzbekistan;no facility;31910638,87;0;0;0;;
BRN;Brunei Darussalam;no facility;;0;0;;;
KHM;Cambodia;no facility;16005372,51;5081580,368;1101854,557;0,317492165;0;1
CHN;China;no facility;1409515978;3190600,588;942735,2548;0,002263614;0,162941496;0,837058504
HKG;China, Hong Kong Special Administrative Region;no facility;7364882,919;0;0;0;;
MAC;China, Macao Special Administrative Region;no facility;;0;0;;;
PRK;Democratic People's Republic of Korea;no facility;25490969,29;0;0;0;;
IDN;Indonesia;no facility;263991374,8;25542675,69;6398014,617;0,096755721;0,219371756;0,780628244
JPN;Japan;no facility;127484455,2;0;0;0;;
LAO;Lao People's Democratic Republic;no facility;6858159,411;1418547,036;368065,8995;0,206840779;0,022234667;0,977765333
MYS;Malaysia;no facility;31624266,46;0;0;0;;
MNG;Mongolia;no facility;3075681,307;317329,5898;73431,5276;0,103173755;0,073914383;0,926085617
MMR;Myanmar;no facility;53370580,71;5028471,06;1190510,413;0,094218032;0,041507225;0,958492775
PHL;Philippines;no facility;104918091;5336198,405;1125296,196;0,050860613;0,244337493;0,755662507
KOR;Republic of Korea;no facility;50982210,2;0;0;0;;
SGP;Singapore;no facility;5708844;0;0;0;;
THA;Thailand;no facility;69037511,9;0;0;0;;
TLS;Timor-Leste;no facility;1296311,217;252975,6033;43282,46223;0,195150362;0;1
VNM;Viet Nam;no facility;95540797,9;2855947,349;754922,6384;0,029892438;0,158224912;0,841775088
AIA;Anguilla;no facility;14909;80,80678;22,12109036;0,00542;1;0
ATG;Antigua and Barbuda;no facility;102011,9946;0;0;0;;
ARG;Argentina;no facility;43937140;702532,8762;215594,1276;0,015989499;1;0
ABW;Aruba;no facility;;0;0;;;
BHS;Bahamas;no facility;395360,9967;0;0;0;;
BRB;Barbados;no facility;285718,9999;0;0;0;;
BLZ;Belize;no facility;374680,9719;2938,15766;804,32918;0,007841758;0,43718251;0,56281749
BOL;Bolivia (Plurinational State of);no facility;11051597,3;1469538,304;416245,6721;0,132970671;0,105372862;0,894627138
BRA;Brazil;no facility;209288304,1;2356516,851;711618,3281;0,011259668;0,125564689;0,874435311
VGB;British Virgin Islands;no facility;;0;0;;;
CYM;Cayman Islands;no facility;;0;0;;;
CHL;Chile;no facility;18054734,73;0;0;0;;
COL;Colombia;no facility;49065610,76;1504531,169;426593,2188;0,030663659;0,201030045;0,798969955
CRI;Costa Rica;no facility;4905768,676;9985,91583;2884,913319;0,002035546;0,567149189;0,432850811
CUB;Cuba;no facility;11484635,67;30869,62735;9841,434882;0,002687907;0,461006335;0,538993665
CUW;Curaçao;no facility;160538,9906;0;0;0;;
DMA;Dominica;no facility;;0;0;;;
DOM;Dominican Republic;no facility;10766998,63;309511,2005;88992,84495;0,028746284;0,520367249;0,479632751
ECU;Ecuador;no facility;16624857,79;348544,8071;92212,52641;0,020965281;0;1
SLV;El Salvador;no facility;6377854,293;64140,14409;15759,33756;0,010056696;0;1
FLK;Falkland Islands (Malvinas);no facility;2910,00012;0;0;0;;
GUF;French Guiana;no facility;282731,0226;0;0;0;;
GRD;Grenada;no facility;107824,9924;0;0;0;;
GLP;Guadeloupe;no facility;449567,977;0;0;0;;
GTM;Guatemala;no facility;16913510,42;792755,4625;164961,0238;0,046871137;0,108722983;0,891277017
GUY;Guyana;no facility;777858,9824;4762,09311;1254,76648;0,006122052;0;1
HTI;Haiti;no facility;10981230,42;2182803,208;492899,3485;0,198775832;0,228160643;0,771839357
HND;Honduras;no facility;9265068,093;556738,1275;124619,8506;0,06009002;0,177322253;0,822677747
JAM;Jamaica;no facility;2890298,554;15171,33423;4956,457567;0,005249054;1;0
MTQ;Martinique;no facility;384895,9655;0;0;0;;
MEX;Mexico;no facility;129163259,2;1143128,567;305635,0507;0,008850261;0,269153675;0,730846325
MSR;Montserrat;no facility;;0;0;;;
NIC;Nicaragua;no facility;6217579,051;404328,4206;82182,63379;0,06502988;0,087129668;0,912870332
PAN;Panama;no facility;4098587,504;181166,1515;49362,96307;0,044202094;0,069133356;0,930866644
PRY;Paraguay;no facility;6811297,744;45076,62848;9730,640504;0,006617921;0,416968001;0,583031999
PER;Peru;no facility;32165465,93;2100236,754;559737,4002;0,065294772;0,359865998;0,640134002
PRI;Puerto Rico;no facility;3663130,822;0;0;0;;
KNA;Saint Kitts and Nevis;no facility;;0;0;;;
LCA;Saint Lucia;no facility;178844,0087;1425,49531;390,233475;0,007970607;1;0
VCT;Saint Vincent and the Grenadines;no facility;109897,0002;0;0;0;;
SXM;Sint Maarten (Dutch part);no facility;40120,00406;0;0;0;;
SUR;Suriname;no facility;563401,9926;15836,09932;4018,490271;0,028107993;0,082115129;0,917884871
TTO;Trinidad and Tobago;no facility;1369124,962;0;0;0;;
TCA;Turks and Caicos Islands;no facility;35446;0;0;0;;
VIR;United States Virgin Islands;no facility;104901,0027;0;0;0;;
URY;Uruguay;no facility;3456750,321;13778,64341;4954,100527;0,003986011;0,987591853;0,012408147
VEN;Venezuela (Bolivarian Republic of);no facility;31977084,78;0;0;0;;
DZA;Algeria;no facility;41318123,42;319385,2932;64417,39115;0,007729908;0,176748861;0,823251139
ARM;Armenia;no facility;2930444,279;0;0;0;;
AZE;Azerbaijan;no facility;9827636,217;15269,51966;3357,023943;0,001553733;0;1
BHR;Bahrain;no facility;1492584;0;0;0;;
CYP;Cyprus;no facility;1179551,094;0;0;0;;
EGY;Egypt;no facility;97553157,01;0;0;0;;
GEO;Georgia;no facility;3912058,651;0;0;0;;
IRQ;Iraq;no facility;38274617,35;7624,0524;989,7474585;0,000199193;1;0
ISR;Israel;no facility;8321571,158;0;0;0;;
JOR;Jordan;no facility;9702354,116;18694,03598;3687,961629;0,001926753;0,553903276;0,446096724
KWT;Kuwait;no facility;;0;0;;;
LBN;Lebanon;no facility;6082357;0;0;0;;
LBY;Libya;no facility;6374619,657;0;0;0;;
MAR;Morocco;no facility;35739582,14;2594774,773;495548,5714;0,072602269;0,010608771;0,989391229
OMN;Oman;no facility;4636262,243;0;0;0;;
QAT;Qatar;no facility;2639209,567;0;0;0;;
SAU;Saudi Arabia;no facility;32938215,08;0;0;0;;
SDN;Sudan;no facility;40533342,59;9854715,589;1762800,162;0,243126151;0,023479421;0,976520579
SYR;Syrian Arab Republic;no facility;18269868,06;0;0;0;;
TUN;Tunisia;no facility;11532128,17;0;0;0;;
TUR;Turkey;no facility;80745044,76;255786,0931;62826,42569;0,003167824;0;1
ARE;United Arab Emirates;no facility;9400150,82;0;0;0;;
PSE;West Bank and Gaza Strip;no facility;4920723,466;8050,19224;1623,657674;0,001635977;0;1
YEM;Yemen;no facility;28250423,38;5529590,34;828690,992;0,195734778;0,019003061;0,980996939
ASM;American Samoa;no facility;55641;0;0;0;;
COK;Cook Islands;no facility;;0;0;;;
FJI;Fiji;no facility;;0;0;;;
PYF;French Polynesia;no facility;283007,0135;0;0;0;;
GUM;Guam;no facility;;0;0;;;
KIR;Kiribati;no facility;116398,008;0;0;0;;
MHL;Marshall Islands;no facility;53127,00312;5342,03672;1065,836853;0,100552194;0,260809435;0,739190565
FSM;Micronesia (Federated States of);no facility;105543,9978;0;0;0;;
NRU;Nauru;no facility;11359,00002;294,07154;58,6728061;0,025888858;1;0
NCL;New Caledonia;no facility;;0;0;;;
NIU;Niue;no facility;1618;0;0;0;;
MNP;Northern Mariana Islands;no facility;55143,99435;0;0;0;;
PLW;Palau;no facility;21728,99999;0;0;0;;
PNG;Papua New Guinea;no facility;8251165,611;1193854,752;238196,489;0,144689224;0,007093438;0,992906562
WSM;Samoa;no facility;196440,0045;204,56992;40,81554866;0,001041386;0,161230595;0,838769405
SLB;Solomon Islands;no facility;611342,8722;328229,0961;65487,88131;0,536898541;0,018919725;0,981080275
TKL;Tokelau;no facility;;0;0;;;
TON;Tonga;no facility;108019,9973;0;0;0;;
TUV;Tuvalu;no facility;11191,99989;787,74071;157,1690954;0,070384267;0,510533409;0,489466591
VUT;Vanuatu;no facility;276244,0051;1521,6209;303,5920036;0,005508249;0,203656581;0,796343419
WLF;Wallis and Futuna Islands;no facility;11900;103,36953;20,62416645;0,008686515;0;1
AGO;Angola;no facility;29784196,59;5933231,072;1232070,852;0,199207357;0,031704233;0,968295767
BEN;Benin;no facility;11175688,26;6016042,69;1212634,31;0,538315185;0,254287588;0,745712412
BWA;Botswana;no facility;2291660,962;252851,2756;71750,74467;0,110335377;0,074701408;0,925298592
BFA;Burkina Faso;no facility;19193338,95;8956660,37;1511812,089;0,466654624;0,045049748;0,954950252
BDI;Burundi;no facility;10864239,92;284808,8535;58964,27563;0,026215258;0,0304945;0,9695055
CIV;CÃ´te d'Ivoire;no facility;24294753,94;6252793,801;1290803,988;0,257372181;0,158129144;0,841870856
CPV;Cabo Verde;no facility;546388,0175;110200,3615;22749,36142;0,201688833;0,395204683;0,604795317
CMR;Cameroon;no facility;24053722,8;1672145,572;334942,1132;0,069517122;0,105676346;0,894323654
CAF;Central African Republic;no facility;;0;0;;;
TCD;Chad;no facility;14899995,71;9981400,788;1727729,029;0,669892863;0,055954547;0,944045453
COM;Comoros;no facility;813911,4019;4814,71109;896,3269968;0,005915522;0,256102133;0,743897867
COG;Congo;no facility;5260749,269;460057,5072;106806,2527;0,087450947;0,1173904;0,8826096
COD;Democratic Republic of the Congo;no facility;81340045,87;9803650,29;1849024,042;0,120526737;0,132659904;0,867340096
DJI;Djibouti;no facility;956984,8438;165729,799;34212,65634;0,173179126;0,142743475;0,857256525
GNQ;Equatorial Guinea;no facility;1267689,419;36180,74607;7469,021497;0,028540702;0,639110511;0,360889489
ERI;Eritrea;no facility;;0;0;;;
SWZ;Eswatini;no facility;1367255,195;96219,13643;20311,4781;0,070373941;0,020667952;0,979332048
ETH;Ethiopia;no facility;104957569,2;23458293,45;5083518,854;0,223502637;0,046271675;0,953728325
GAB;Gabon;no facility;2025137,006;59803,41012;14594,74864;0,02953055;0,755936348;0,244063652
GMB;Gambia;no facility;2100567,78;22620,09916;2748,599623;0,010768564;0;1
GHA;Ghana;no facility;28833620,27;5206293,04;1490541,879;0,18056328;0,228983797;0,771016203
GIN;Guinea;no facility;12717180,62;1825028,42;291966,286;0,143508886;0,029532268;0,970467732
GNB;Guinea-Bissau;no facility;1861283,465;313945,1398;64809,6917;0,16867132;0,042870599;0,957129401
KEN;Kenya;no facility;49699904,29;5141423,722;1412935,606;0,103449369;0,04901991;0,95098009
LSO;Lesotho;no facility;2233347,297;609253,842;182142,2253;0,272798522;0,062286245;0,937713755
LBR;Liberia;no facility;4731905,407;1874413,647;378996,2444;0,396122383;0,247707051;0,752292949
MDG;Madagascar;no facility;25570894,83;11398414,34;2303052,631;0,445757351;0,192185643;0,807814357
MWI;Malawi;no facility;18622123,57;1063975,573;235971,3686;0,057135029;0,043432501;0,956567499
MLI;Mali;no facility;18541999,4;1334167,174;235361,2375;0,071953792;0,059909797;0,940090203
MRT;Mauritania;no facility;4420182,997;1411431,186;291370,7154;0,319315102;0,136454846;0,863545154
MUS;Mauritius;no facility;1265137,098;1653,3067;475,7309681;0,00130682;0;1
MYT;Mayotte;no facility;;0;0;;;
MOZ;Mozambique;no facility;29668814,88;8131054,591;1862203,138;0,274060647;0,104892164;0,895107836
NAM;Namibia;no facility;2533795,176;1234275,748;291224,7577;0,487125305;0,232418118;0,767581882
NER;Niger;no facility;21477381,84;14572181,98;2462828,028;0,678489682;0,026499647;0,973500353
NGA;Nigeria;no facility;190886295,6;37803730,06;7712798,177;0,198043186;0,22052635;0,77947365
REU;Réunion;no facility;876561,9461;0;0;0;;
RWA;Rwanda;no facility;12208457,46;267378,5256;62775,33845;0,02190109;0,127424219;0,872575781
SHN;Saint Helena;no facility;4048,99979;0;0;0;;
STP;Sao Tome and Principe;no facility;204327,3294;96920,09226;25262,95505;0,474337391;0,632423814;0,367576186
SEN;Senegal;no facility;15850567,01;2180155,156;262473,0806;0,137544301;0,063897948;0,936102052
SYC;Seychelles;no facility;94736,99728;0;0;0;;
SLE;Sierra Leone;no facility;7557213,636;1331757,025;225756,9243;0,176223287;0,140182326;0,859817674
SOM;Somalia;no facility;14742509,84;4058197,72;837759,5629;0,275271834;0,018654199;0,981345801
ZAF;South Africa;no facility;56717190,84;819822,1061;252760,9621;0,014454561;0,307140101;0,692859899
SSD;South Sudan;no facility;12575720,02;7899544,024;1328106,954;0,628158388;0,038377745;0,961622255
TGO;Togo;no facility;7797694,339;3718747,691;817071,8672;0,476903496;0,110703623;0,889296377
UGA;Uganda;no facility;42863017,97;2410469,648;531603,4843;0,056236583;0,083675919;0,916324081
TZA;United Republic of Tanzania;no facility;57310008,83;6733196,084;1387844,929;0,117487263;0,047958441;0,952041559
ZMB;Zambia;no facility;17094116,57;3299657,364;643109,1704;0,193028833;0,061413212;0,938586788
ZWE;Zimbabwe;no facility;16529889,79;4121024,614;1010753,827;0,249307447;0,001434177;0,998565823
